(0)OBJECTID_1,N,9,0	PT_BAU,C,10	(2)ACRES,N,19,11	A_LU,C,50	B_LU,C,50	C_LU,C,50	D_LU,C,50	(7)E_LU,C,50	Change,N,4,0	No_Change,N,4,0(9)	(10)Suitabilit,N,19,	(11)Target_Min	(12)Target_Max
0	R	10	R	R	R	R	R	0	1	48.8925514642		
1	R	10	A	A	A	R	R	0	0	48.8925514642		
2	R	10	R	R	A	R	R	0	0	84.4153289418		
3	C	10	C	C	C	I	I	0	0	59.5445480914		
4	I	10	I	I	I	C	I	0	1	47.7717991802		
5	A	10	A	R	A	A	A	0	1	58.7743450755		
